## DDL 数据定义语言 

[数据库模式定义语言](https://baike.baidu.com/item/数据库模式定义语言/1237788)DDL(Data Definition Language)，是用于描述数据库中要存储的现实世界实体的语言。包括：创建数据库、创建表、创建视图、创建索引、修改数据库、删除数据库、修改表、删除表 。

数据库的CURD：

- create database 
- show databases
- show create database
- drop database
- alter databse

表的CURD：

- create table
- show tables
- show create table & desc tables
- drop table
- alter table

## 数据库的CURD

#### 创建数据库 (create)：

语法 ：

- 基本的语法：create database 数据库名称; 

```mysql
mysql> create database learn_mysql;
```

- 正宗的语法：create database 数据库名称 character set 编码 collate 校对规则; 
  - 校对规则(了解)：决定当前数据库的属性。 

```mysql
mysql> create database learn_mysql character set 'utf8';

mysql> create database learn_mysql character set 'utf8' collate 'utf8_bin';
```

#### 查看数据库 (show):

语法：

- show databases; ‐‐ 查看所有的数据库 

```mysql
mysql> show databases;
+--------------------+
| Database           |
+--------------------+
| gorm_learning      |
| information_schema |
| sys                |
+--------------------+
10 rows in set (0.00 sec)
```

- use 数据库名称; ‐‐ 使用数据库 

```mysql
mysql> use kapi;
Reading table information for completion of table and column names
You can turn off this feature to get a quicker startup with -A
```

- show create database 数据库名称; ‐‐ 查询数据库的创建的信息 

```mysql
mysql> show create database mysql2
    -> ;
+----------+-----------------------------------------------------------------------+
| Database | Create Database                                                       |
+----------+-----------------------------------------------------------------------+
| mysql2   | CREATE DATABASE `mysql2` 																						 |
|					 | /*!40100 DEFAULT CHARACTER SET utf8 COLLATE utf8_bin */ 							 |
|					 | /*!80016 DEFAULT ENCRYPTION='N' */																		 |
+----------+-----------------------------------------------------------------------+
1 row in set (0.00 sec)
```

- select database(); ‐‐ 查询当前正在使用的数据库 

```mysql
mysql> select database();
+------------+
| database() |
+------------+
| kapi       |
+------------+
1 row in set (0.00 sec)
```

#### 删除数据库 (drop):

语法：

- drop database 数据库名称; ‐‐ 删除数据库 

 ```mysql
mysql> drop database mysql2;
Query OK, 0 rows affected (0.02 sec)
 ```

#### 修改数据库

1.语法：alter database 数据库名称 character set 'gbk' collate '校对规则

```mysql
mysql> alter database learn_mysql character set utf8mb4 collate utf8mb4_unicode_ci;
Query OK, 1 row affected (0.00 sec)
```

## 表结构的CURD

#### 创建表

语法：

- create table tablename ( fieldname type(length) desc, ... );  -- 创建表

注意：

-  编写字段，字段与字段之间使用逗号，最后一个子段不能使用逗号。 
-  如果声明字符串数据的类型，长度是必须指定的。 
-  如果不指定数据的长度，有默认值的。int类型的默认长度是11 

约束：

1. `NOT NULL` 非空约束用于确保当前列的值不为空值，非空约束只能出现在表对象的列上。

2. `UNIQUE` 同一个表可以有多个唯一约束，多个列组合的约束。MySQL会给唯一约束的列上默认创建一个唯一索引。

   ```sql
   CREATE TABLE USER(
     id INT NOT NULL,
     NAME VARCHAR(25),
     PASSWORD VARCHAR(16), #使用表级约束语法
     CONSTRAINT uk_name_pwd UNIQUE(NAME,PASSWORD)
   );
   ```

3. `AUTO_CREMENT` 自增。

4. `COMMENT` 注释。

5. `ZOREFILL` 零填充。

6. `PRIMARY KEY('id')`  主键约束相当于唯一约束+非空约束的组合，主键约束列不允许重复，也不允许出现空值。

7. `default` 默认值。

示例：

```sql
mysql> create table employee (
    -> id int(0) NOT NULL AUTO_INCREMENT COMMENT '主键',
    -> name varchar(30) COMMENT '姓名',
    -> gender char(4),
    -> birthday date,
    -> job varchar(50) COMMENT '工作',
    -> salary double ZOREFIll COMMENT '工资',
    -> add_time timestamp default CURRENT_TIMESTAMP,
    -> up_time timestamp,
    -> PRIMARY KEY(id)
    -> );
```

效果：

```mysql
mysql> desc employee;
+----------+--------------------------+------+-----+-------------------+------------
| Field    | Type                     | Null | Key | Default           | Extra            
+----------+--------------------------+------+-----+-------------------+------------
| id       | int                      | NO   | PRI | NULL              |auto_incr...     
| name     | varchar(30)              | YES  |     | NULL              |                   
| gender   | char(4)                  | YES  |     | NULL              |                   
| birthday | date                     | YES  |     | NULL              |                   
| job      | varchar(50)              | YES  |     | NULL              |                   
| salary   | double unsigned zerofill | YES  |     | NULL              |                   
| add_time | timestamp                | YES  |     | CURRENT_TIMESTAMP |DEFAUL... 
| up_time  | timestamp                | YES  |     | NULL              |                   |
+----------+--------------------------+------+-----+-------------------+------------
8 rows in set (0.00 sec)
```

#### 删除表

语法：

- drop table 表名;  -- 删除整张

```mysql
mysql> drop table employor;
Query OK, 0 rows affected (0.01 sec)
```

#### 查看表

语法：

- desc 表名; ‐‐ 查询表的信息 

```mysql
mysql> desc employee;
+----------+--------------------------+------+-----+-------------------+------------
| Field    | Type                     | Null | Key | Default           | Extra            
+----------+--------------------------+------+-----+-------------------+------------
| id       | int                      | NO   | PRI | NULL              |auto_incr...     
| name     | varchar(30)              | YES  |     | NULL              |                   
| gender   | char(4)                  | YES  |     | NULL              |                   
| birthday | date                     | YES  |     | NULL              |                   
| job      | varchar(50)              | YES  |     | NULL              |                   
| salary   | double unsigned zerofill | YES  |     | NULL              |                   
| add_time | timestamp                | YES  |     | CURRENT_TIMESTAMP |DEFAUL... 
| up_time  | timestamp                | YES  |     | NULL              |                   |
+----------+--------------------------+------+-----+-------------------+------------
8 rows in set (0.00 sec)
```

- show tables; ‐‐ 查看当前数据库中所有的标签 

```mysql
mysql> show tables;
+-----------------------+
| Tables_in_learn_mysql |
+-----------------------+
| employee              |
+-----------------------+
1 row in set (0.00 sec)
```


- show create table 表名; ‐‐ 查看表的创建的信息 

```mysql
mysql> show create table employee;
+----------+-----------------------------------------------------------------------+
| Table    | Create Table         
+----------+-----------------------------------------------------------------------+
| employee | CREATE TABLE `employee` (
|  `id` int NOT NULL AUTO_INCREMENT COMMENT '主键',
|  `name` varchar(30) COLLATE utf8mb4_unicode_ci DEFAULT NULL COMMENT '姓名',
|  `gender` char(4) COLLATE utf8mb4_unicode_ci DEFAULT NULL,
|  `birthday` date DEFAULT NULL,
|  `job` varchar(50) COLLATE utf8mb4_unicode_ci DEFAULT NULL COMMENT '工作',
|  `salary` double unsigned zerofill DEFAULT NULL COMMENT '工资',
|  `add_time` timestamp NULL DEFAULT CURRENT_TIMESTAMP,
|  `up_time` timestamp NULL DEFAULT NULL,
|  PRIMARY KEY (`id`)
|	) ENGINE=InnoDB DEFAULT CHARSET=utf8mb4 COLLATE=utf8mb4_unicode_ci         
+----------+-----------------------------------------------------------------------+
1 row in set (0.01 sec)
```

#### 修改表

语法：

- alter table 表名 新列名 类型(长度) 约束; ‐‐ 添加列 

- alter table 表名 drop 列名; ‐‐ 删除列 

- alter table 表名 modify 列名 类型(长度) 约束; ‐‐ 修改列的类型或者约束 

- alter table 表名 change 旧列名 新列名 类型(长度) 约束; ‐‐ 修改列名 

- rename table 表名 to 新表名; ‐‐ 修改表的名称 

- alter table 表名 character set utf8; ‐‐ 修改表的字符集

#### 重命名表

语法：

```sql
RENAME	TABLE	TABLENAME1	TO	TABLENAME2,
							TABLENAME2	TO	TABLENAME3
```

